productName,productSlug,submittedAt,overallRating,easeOfUse,easeOfSetup,meetsRequirements,qualityOfSupport,reviewTitle,pros,cons,problemsSolved,didSwitchFromCompetitor,previousCompetitors,whySwitched,reviewerRole,reviewerIndustry,companySize,reviewerCountry,isIncentivized,reviewUrl,reviewId
Slack,slack,2026-06-19T05:28:49+00:00,5,7,7,7,7,Declutters Team Communication with Organized Channels and Focused Threads,"What I like best about Slack is how effectively it declutters our daily internal communication. Moving conversations out of messy, endless email chains and into organized, topic-specific channels makes finding past information so much faster. It keeps the whole team aligned, and the threaded replies keep discussions focused instead of chaotic.","The biggest downside to Slack is the sheer volume of notifications, which can easily lead to digital fatigue. Because it operates as a real-time chat platform, there is often an unspoken pressure to respond instantly. If you don't aggressively manage your status and notification settings, it can quickly morph from a productivity tool into a constant source of daily distraction.""","Slack solves the problem of internal communication silos, which is especially tough for a distributed team. Before using it, vital project updates were frequently trapped in isolated 1-on-1 email chains. Moving our daily discussions into dedicated channels has broken down those barriers. The biggest benefit is absolute transparency—everyone knows exactly where a project stands, and cross-department collaboration is faster than ever.",False,,,User,Accounting,Mid-Market,Sri Lanka,False,https://www.g2.com/products/slack/reviews/slack-review-12975407,12975407
Slack,slack,2026-06-19T04:47:28+00:00,5,7,7,7,,Slack Keeps Team Communication Focused with Channels and Quick Huddles,"What I like best about Slack is how effectively it centralizes team communication and reduces our reliance on cluttered email threads. The ability to organize conversations into dedicated, topic-specific channels ensures that project discussions remain focused and easily searchable. Features like 'Huddles' make it incredibly easy to jump into quick, spontaneous voice or video calls without the friction of scheduling a formal meeting, which significantly speeds up our daily decision-making process.","The volume of notifications can become incredibly overwhelming, especially in larger organizations or active channels. If you are away from your desk for even a short period, it's easy to get buried under a mountain of unread messages and lose track of actual action items. While the notification settings are highly customizable, fine-tuning them takes a lot of manual effort to keep the noise level manageable and protect deep-work focus blocks.","Before using Slack, our internal and external communication was scattered across endless email threads and disjointed messaging apps, causing critical updates to get lost. Slack has solved this by centralizing all our team conversations into structured, searchable channels. A major benefit is Slack Connect, which allows us to bring external clients, partners, and vendors directly into our workspace. This has completely eliminated the friction of back-and-forth emails, allowing us to share deliverables, get instant feedback, and align on projects with our clients in real time",False,,,Internal Consultant,Retail,Mid-Market,India,True,https://www.g2.com/products/slack/reviews/slack-review-12980334,12980334
Slack,slack,2026-06-18T16:00:26+00:00,5,7,6,5,,"Easy, Well-Organized Conversations Across Departments",The ease and organization of conversations throughout our different departments,"Constant notifications, not super self explanatory/easy to turn notifications off when im in a meeting",Inter department communication. We are a warehouse/manufacturer so being able to easily communicate with someone on the other side of the building has sped up problem solving,True,Google Workspace,needed more people to be able to use slack and easier communication,User,Apparel & Fashion,Mid-Market,United States,False,https://www.g2.com/products/slack/reviews/slack-review-12977823,12977823
Slack,slack,2026-06-18T14:20:28+00:00,5,7,7,7,7,Powerful Communication Tool to Discuss Projects in Channels Across Platforms,Powerful tool for communication that provides both Direct Messages and Channels which is helpful for ensuring communication reaches the right people and it supports seamless integrations that elevate the visibility of tasks from different connected tools.,I don’t really see any drawbacks it addresses our communication needs and provides a smooth user experience.,It helps chat with coworkers across all platforms and makes it easy to split conversations into channels to keep project discussions more organized which improves alignment across teams.,False,,,User,Retail,Mid-Market,United States,True,https://www.g2.com/products/slack/reviews/slack-review-12977232,12977232
Slack,slack,2026-06-18T14:05:38+00:00,5,3,3,,,Everything in One Place for Smooth Collaboration,Everything in one place and the channels are very helpful to collaborate,Needing to know shortcuts to add in certain emoticons or gifs. It’s very developer focused and not an easy UI for users.,Communication between the developers and product teams to allow collaboration,False,,,User,Broadcast Media,Enterprise,United Kingdom,False,https://www.g2.com/products/slack/reviews/slack-review-12977220,12977220
Slack,slack,2026-06-18T13:44:37+00:00,5,7,,,,Slack helps my teams supercharge their productivity thanks to integrations,The integrations allowing to supercharge productivity,The ai huddle notes are a bit hit and miss and would be great to customise speech correction,Communication and productivity,False,,,User,Information Technology and Services,Mid-Market,United Kingdom,False,https://www.g2.com/products/slack/reviews/slack-review-12976984,12976984
Slack,slack,2026-06-18T13:31:24+00:00,5,6,,,,"Slack Keeps Cross-Functional Collaboration Fast, Transparent, and Organised",,,,False,,,,Telecommunications,Enterprise,United Kingdom,False,https://www.g2.com/products/slack/reviews/slack-review-12976978,12976978
Slack,slack,2026-06-18T10:52:04+00:00,5,7,,6,,Fantastic Slack Search Engine with Seamless App Integrations,Fantastic Search engine for everything within Slack. I also like the fact it can integrate iwth a number of different applications.,Slack could do better with Project Management. At the moment we would need to use an external application.,"AI Agents will be a great addition and Slack are investing in this. We will be able to create concise overviews of all messages, making it quicker to review all channels and direct messages.",False,,,User,Construction,SMB,United Kingdom,True,https://www.g2.com/products/slack/reviews/slack-review-12976144,12976144
Slack,slack,2026-06-17T22:14:51+00:00,5,,,,,Streamlines Team Communication with Intuitive Integrations,"I use Slack as a central communication and collaboration platform, and I really appreciate its ability to keep communication organized, efficient, and easy to access. The channel-based structure is great for separating discussions by team, project, or topic, which really streamlines collaboration and reduces unnecessary email traffic. I find the user interface intuitive and easy to navigate. I also like how integrations with tools like Google Workspace, Microsoft 365, GitHub, Jira, and Zoom help centralize workflows and improve productivity. Slack offers reliable performance, powerful search functionality, and flexible notification settings that make it simple to stay informed, find important information quickly, and collaborate effectively. The initial setup was very easy, and the intuitive interface made it straightforward to implement with minimal training. Overall, Slack significantly boosts productivity and team coordination, offering strong support for remote and hybrid teams.","One area where Slack could be improved is notification management, as highly active workspaces can generate a large volume of messages that make it difficult to prioritize important updates. Information can also become buried across channels and threads, making it harder to locate key discussions or decisions over time despite the platform's strong search functionality. While Slack offers a great collaboration experience and extensive integrations, some advanced features and longer message history are limited to higher-tier plans. Improvements to content organization, search precision, and access to certain premium capabilities would make the platform even more effective for teams of all sizes.","I use Slack to streamline communication, organizing conversations through channels, reducing email reliance, and making information easily accessible. It solves collaboration challenges by integrating tools, managing projects, and offering a central platform for sharing updates and staying connected.",False,,,,,Mid-Market,Colombia,True,https://www.g2.com/products/slack/reviews/slack-review-12974542,12974542
Slack,slack,2026-06-17T19:22:25+00:00,5,7,7,7,7,Slack Brings Teams Together for Seamless Collaboration,"One thing I appreciate about Slack is how it brings different teams together in one place, making collaboration feel more seamless throughout the day.","The volume of notifications can occasionally feel overwhelming, especially during busy workdays",Slack helps solve communication delays by giving teams a central place to collaborate and share information. This benefits me by allowing me to get answers quickly and provide more efficient support to members.,False,,,,Staffing and Recruiting,Mid-Market,United States,False,https://www.g2.com/products/slack/reviews/slack-review-12973715,12973715
Slack,slack,2026-06-17T17:37:45+00:00,5,7,7,6,6,Dynamic Team Communication with Slack,"I love Slack. It's real cool. I like the real cool emojis and how it feels up to date, having a real millennial-esque vibe. I love the fact that you can video chat through it, allowing for direct communication, unlike email where you have to wait back and forth. Slack gives you the opportunity to show when you're online, away, offline, or even on vacation. It's just a real effective corporate communication style. The status visibility is cool too, as it lets people know if you're busy or on vacation. I also love how it's pretty easy and simple to set up. Additionally, I appreciate the feature that allows you to jump on a call with the actual huddle. I love how Slack supports communication through different channels, giving restrictions on certain channels, allowing executives to post while normal employees can't. There’s the ability to make certain channels private, so they are only accessible to team members who need them.","Sometimes when integrating Google Calendar with Slack, it doesn't keep the status up to date. Like, if you set yourself away or silence notifications, the Google Calendar integration may override it. Sometimes Slack notifications don't override Google Calendar notifications, which can be a bit confusing. Also, Slack doesn't have a feature to bulk upload members to channels, which would be helpful for managing our monthly all-hands channels.",Slack lets my team communicate directly in private channels and offers a general channel for executive communication. Its features like status visibility and direct messaging are great for urgent requests and up-to-date tracking.,False,,,Administrator,Information Technology and Services,Enterprise,United States,True,https://www.g2.com/products/slack/reviews/slack-review-12973099,12973099
Slack,slack,2026-06-17T16:38:05+00:00,5,7,7,7,7,Excellent Collaboration Tool to Organize Conversations Into Dedicated Channels for Specific Projects,I like the channel creation that helps to handle multiple projects through organized conversations and the drag and drop of files into chats is very helpful for fostering teamwork.,I can’t think of anything significant that I don’t like about this tool since it stands out asa superb communication tool.,"The channels helps keep conversations focused by project, team or topic which allows for quick collaboration and it’s also very useful for sharing documents quickly.",False,,,User,Accounting,SMB,United States,True,https://www.g2.com/products/slack/reviews/slack-review-12972618,12972618
Slack,slack,2026-06-17T16:19:15+00:00,5,,,,,Effortless Team Communication with Intuitive Slack,"I use Slack to connect with my team members and my AI agent for cold outreach, and I find it facilitates effective communication and makes sharing files easy. I appreciate Slack’s beginner-friendly design and how it offers both a free plan and an affordable paid plan for startups. The initial setup was super simple for our small team. We've been using Slack for the past five years, and it has met our needs well.",It sometimes feels too cluttered. Minimalistic options could make the user experience great. It needs to have basic features for beginner users and should have an advanced option where people could explore more features.,"I use Slack to connect with my team and an AI agent. It effectively solves communication issues, makes file sharing easy, and joining groups is straightforward.",False,,,,,SMB,India,False,https://www.g2.com/products/slack/reviews/slack-review-12972527,12972527
Slack,slack,2026-06-17T11:46:40+00:00,5,7,,7,7,"Lightweight, Feature-Rich Slack That Makes Switching Profiles Effortless","Slack feels lightweight, and it offers a lot of features that are genuinely helpful for remote workers. I also like that you can manage different profiles within the same application, which makes it much easier to switch between them and navigate across everything.","For first-time users, navigating the app can feel confusing at first.",It facilitates remote operations by providing a centralized channel for communication.,False,,,,Information Technology and Services,Mid-Market,United Kingdom,False,https://www.g2.com/products/slack/reviews/slack-review-12970621,12970621
Slack,slack,2026-06-17T10:50:09+00:00,4,,,,,"Effortless Global Team Communication, But Room for Improvement","I use Slack for day-to-day communication with team members, leadership, and colleagues, and it really helps our hybrid team with global members to communicate easily. I find the search function robust and it makes it easy to find conversations or documents. I feel confident when searching a keyword as the appropriate content will be shown. I also found the initial setup of Slack very easy—quick and simple.","I don't like that you are capped at 8 users in a direct message channel, it is very restrictive outside of creating a channel.",Slack eases communication for my global hybrid team across time zones with secure messaging. The robust search enhances confidence in finding needed content.,False,,,,,Mid-Market,Australia,True,https://www.g2.com/products/slack/reviews/slack-review-12970468,12970468
Slack,slack,2026-06-16T18:21:55+00:00,5,7,7,6,7,Easy-to-Use UI That Simplifies Team Communication,"It makes communication with multiple team members simple, and the user interface is easy to use.","It’s been some time since I last used multiple images and text together, but I ran into a UI issue where the Send button gets hidden. Aside from that, everything works fine.","It helps us communicate with team members through messages or huddles, and the third-party app integration is very helpful, such as Jira, ClickUp, etc.",False,,,User,Computer Software,SMB,India,False,https://www.g2.com/products/slack/reviews/slack-review-12967107,12967107
Slack,slack,2026-06-16T16:37:42+00:00,5,7,,7,,UX/UI That’s Easy to Navigate,"I love how active the communities are on Slack. In the past, I used Slack for just about everything, but my current company is a Microsoft Teams environment. With the recent announcements about removing messages after 90 days, I’m being forced to rely more on emails in Outlook, which is pretty cumbersome, and doesn't allow for the ability to edit easily if I hit send too soon. I really miss Slack’s UX/UI and how easy it is to find things.",I've had to sign up without a company so I could access the Slack communities that are very active and very enriching. The paywall keeps hitting me and hinders my ability to be in active channels I want to be in,"It's keeping everything in one location for me (files, channels, workspaces, slacks). Once you learn where to find them, it's easy to bounce around.",False,,,,Information Technology and Services,Enterprise,United States,False,https://www.g2.com/products/slack/reviews/slack-review-12966224,12966224
Slack,slack,2026-06-15T16:25:17+00:00,5,7,7,7,7,"Seamless Integrations, Stellar yet Grounded UI/UX, and Rock-Solid Performance","Slack’s UI/UX design strikes a nice balance between classic and modern, which gives us that comfortable sense of familiarity while we use it. The integrations have been seamless as well, and they keep us in the loop with our existing systems. Its performance and overall upkeep have made us loyal users to the point that we’ve never seriously considered migrating to another platform.","Support has also been very helpful. That said, we rarely need to contact them because the app has had little to no issues for us. I’ve seen what their AI is capable of, but our current setup isn’t really looking for an add-on like Slack AI right now. We’re perfectly content with what we have, and I’m glad Slack has been stellar for our company for the entire time we’ve had it; the ROI is evident.",It definitely lessens the fragmented state of our systems thanks to the app integrations and automations.,False,,,Administrator,Financial Services,Mid-Market,Philippines,False,https://www.g2.com/products/slack/reviews/slack-review-12960949,12960949
Slack,slack,2026-06-15T12:12:12+00:00,4,,,,,"Streamlined Communication, Minor Notification Overload","I really appreciate how Slack centralizes communication and enhances task visibility, which is super helpful for our projects. The integration with work tools is seamless, allowing our team to be more connected and work efficiently. The automatic notifications are great because they help us receive alerts when tasks are assigned, and the system is excellent for reminding teams about deadlines. Slack's automation features that keep information flowing automatically are fantastic, reducing the need for manual coordination. It acts as a communication hub, providing faster communication sharing, great transparency, improved collaboration, and strong cross-functional coordination. We can spend less time copying information between systems and updating colleagues, which has a huge impact on the team's connectivity. Also, setting up Slack was really easy. With these features, decisions become easier to make and are well-documented and searchable. It's a lifesaver in reducing confusion and miscommunication among various teams when something changes.","The notification fatigue is there. If an employee is working on a complex task, they may receive dozens of notifications throughout the day. So it may reduce productivity. Those are my concerns.","Slack reduces email volume, centralizes communication, enhances task visibility, and integrates with work tools. It boosts team connectivity and collaboration, automates information flow, reduces manual coordination, and helps us stay informed.",False,,,,,Mid-Market,Sri Lanka,False,https://www.g2.com/products/slack/reviews/slack-review-12959730,12959730
Slack,slack,2026-06-15T02:23:56+00:00,5,7,,5,5,"Focused, Easy to Use","What I like best about Slack is its exceptional UI/UX, which organizes messy communication into clean, intuitive channels that make onboarding a breeze for new team members. Its robust ecosystem allows for seamless integrations with tools like Google Drive and Jira, while its lightning-fast search performance ensures finding archived files takes seconds. Additionally, the platform provides strong ROI through automated workflows and robust AI intelligence, which instantly summarizes long threads to keep everyone aligned without notification fatigue.","What I dislike most about Slack is how easily it can cause notification fatigue and derail deep focus. Because conversation happens in real time across dozens of channels, the constant stream of alerts creates a false sense of urgency, making it feel like you always need to be online. If you step away for a few hours, catching up on chaotic threads and unread messages can feel incredibly overwhelming and counterproductive.","Slack solves the problem of disjointed workplace communication by replacing scattered email threads and fragmented text messages with a centralized hub. For me, this eliminates the frustration of digging through an overloaded inbox for project updates, because everything is organized into searchable channels. The benefit is an immediate boost in daily productivity and team alignment, as I can find files, converse in real time, and see decisions being made all in one transparent place.",False,,,,Financial Services,Enterprise,India,False,https://www.g2.com/products/slack/reviews/slack-review-12958311,12958311
Microsoft Teams,microsoft-teams,2026-06-18T15:51:16+00:00,5,7,7,7,7,MS teams Streamlines Client Communication and Interview Scheduling,I am recruitment Account Manager and handling US Clients and MS teams helps me in scheduling interviews and communicating with the clients very smoothly. I can create separate channels for each client account. It also have feature of meeting records and notes which is useful for reviewing requirements and ensuring alignment across recruitment team. Also take update from my teams over Ms teams chat.,"Not really but when you are handling multiple client accounts, you don’t get proper notifications. Finding older chat or conversations takes time.","In recruitment firstly I have to manages all my communications with Recruiters, HR, Clients and candidates through different apps but through teams I can centralised all at one place.",False,,,Internal Consultant,Staffing and Recruiting,Mid-Market,India,False,https://www.g2.com/products/microsoft-teams/reviews/microsoft-teams-review-12977734,12977734
Microsoft Teams,microsoft-teams,2026-06-18T15:28:39+00:00,5,7,7,7,7,Highly Impressive in Instant Messaging and Video Meetings with Superior Reliability In Both,The instant messaging and quick file sharing between colleagues has made any boundaries minimal and I like that the simple interface makes it easy to create a meeting and invite others to join.,I am yet to find anything problematic about this platform we use for meetings and instant messaging and it has served us well.,"The ability to message, voice call or video call colleagues allowing us to work collaboratively with other team members which ensures improved productivity and effective collaboration.",False,,,User,Telecommunications,Mid-Market,United States,True,https://www.g2.com/products/microsoft-teams/reviews/microsoft-teams-review-12977666,12977666
Microsoft Teams,microsoft-teams,2026-06-18T14:20:15+00:00,5,7,7,7,6,Microsoft Teams: The All-in-One Microsoft 365 Hub Powered by AI Automation,"Microsoft Teams is the undisputed ""all-in-one"" hub for organizations already embedded in the Microsoft 365 ecosystem. By 2026, it has successfully transitioned from being ""just a video conferencing tool"" to a workspace that uses AI agents and automation to handle heavy administrative lifting.","Users often feel that while Teams is a ""productivity powerhouse,"" its sheer size and complexity can sometimes act as a barrier to the very productivity it is meant to support",Easily setup meeting,False,,,User,Information Technology and Services,SMB,India,True,https://www.g2.com/products/microsoft-teams/reviews/microsoft-teams-review-12977235,12977235
Microsoft Teams,microsoft-teams,2026-06-18T09:42:47+00:00,5,7,,7,6,Microsoft Teams: A Sanity-Saving Collaboration Hub that eats RAM for breakfast,"I really like how seamlessly it integrates everything - your chats, video calls, and Microsoft 365 apps - all in one place so you don't have to keep switching windows.","It can be a major hog. It often uses up a lot of computer memory (RAM), which xan make it feel slow and sluggish, especially during large video calls","By pulling everything into one hub, Teams solves that digital clutter. The benefit to me is much clearer headspace. I can chat, share documents, and jump into meetings in the exact same window, which means less time hunting for lost links and more time actually getting things done with the team",False,,,,Research,SMB,Philippines,False,https://www.g2.com/products/microsoft-teams/reviews/microsoft-teams-review-12976034,12976034
Microsoft Teams,microsoft-teams,2026-06-17T21:13:25+00:00,4,5,,7,5,"Straightforward, Reliable Collaboration Hub in One Place",,,,False,,,,Design,Enterprise,Tunisia,False,https://www.g2.com/products/microsoft-teams/reviews/microsoft-teams-review-12974329,12974329
Microsoft Teams,microsoft-teams,2026-06-17T15:54:21+00:00,5,7,5,7,7,"Interfaz amigable, gran integración con Microsoft y excelente soporte con IA",,,,False,,,Administrator,Banking,Mid-Market,Dominican Republic,True,https://www.g2.com/products/microsoft-teams/reviews/microsoft-teams-review-12972203,12972203
Microsoft Teams,microsoft-teams,2026-06-17T12:34:11+00:00,5,7,7,7,7,Easily Accessible Meeting Platform with Great Clarity in Video Calls and Connection is Very Stable,I really appreciate the chat and video meeting quality which is very reliable for our team communication and collaboration.,I have no complaints so far the platform has never let us down and continuous to deliver great team communication features.,"It makes communication and collaboration easy by combining chat, video meetings and file sharing in one platform which helps our teams coordinate tasks well and work more efficiently.",False,,,User,Automotive,Mid-Market,United States,True,https://www.g2.com/products/microsoft-teams/reviews/microsoft-teams-review-12970799,12970799
Microsoft Teams,microsoft-teams,2026-06-17T10:34:04+00:00,5,7,6,6,,"Unlimited Group Chats, Engaging Announcements, and Time-Saving AI Meeting Summaries",,,,False,,,Executive Sponsor,Information Technology and Services,Mid-Market,Australia,True,https://www.g2.com/products/microsoft-teams/reviews/microsoft-teams-review-12970392,12970392
Microsoft Teams,microsoft-teams,2026-06-16T17:38:20+00:00,5,7,6,7,,Collaborative Hub for Meetings and Team Docs,I like that it’s not just a virtual meeting software but also very collaborative and teams get to use it as a repository for docs and anything work related .,They keep asking for feedback on call quality after every call. And also how network sensitive it is .,I work with a team that is scattered all over the continent and beyond. Microsoft Teams brings us together be it over a video call or voice call.,True,Cisco Webex Support,We had issues with the software glitching especially when in meetings. And no after sales support .,Administrator,Information Technology and Services,Mid-Market,South Africa,False,https://www.g2.com/products/microsoft-teams/reviews/microsoft-teams-review-12966734,12966734
Microsoft Teams,microsoft-teams,2026-06-16T12:29:33+00:00,4,6,6,6,,Great for Quick Communication and Video Calls,Great for quick communication and for video calls,It is a little annoying that only the admin of the account can download or give access to meeting transcripts,We have committee meetings once a month and it allows us to communicate effectively without all having to be in the same location,False,,,Administrator,Primary/Secondary Education,Mid-Market,United States,True,https://www.g2.com/products/microsoft-teams/reviews/microsoft-teams-review-12964672,12964672
Microsoft Teams,microsoft-teams,2026-06-16T09:42:10+00:00,5,7,7,7,7,Microsoft Teams: The All-in-One Tool That Actually Lives Up to It,,,,False,,,Administrator,Computer Networking,Mid-Market,India,False,https://www.g2.com/products/microsoft-teams/reviews/microsoft-teams-review-12963388,12963388
Microsoft Teams,microsoft-teams,2026-06-16T01:30:30+00:00,5,6,6,6,5,Essential for Cross Department Coordination and Long Term Project Archiving,"What I like most about Microsoft Teams is that it gives our teams a single place to manage ongoing discussions, meetings, and project-related information. We use dedicated channels for different departments and initiatives, which makes it easier to keep conversations, shared documents, meeting recordings, and updates organized instead of searching across multiple tools. The meeting functionality has also been particularly valuable in day to day operations. Screen sharing, meeting recordings and collaborative document editing make it easier for teams to review updates, discuss issues, and track action items. When someone is unable to attend a meeting, they can review the recording and conversation history later, which helps maintain continuity without requiring separate follow up sessions. Another benefit is the ability to keep project information available over time. Teams provides a useful record of previous discussions, shared resources and decisions, making it easier for employees to reference information, onboard new team members, and stay informed about ongoing work.","One challenge we have experienced with Microsoft Teams is keeping workspaces organized as usage grows across multiple departments and projects. Over time, channels, files, meeting recordings and shared documents can accumulate quickly making it important to regularly review and maintain content to avoid confusion. We have also found that locating older resources is not always as straightforward as it could be. For example finding a specific recording, document or discussion from a previous project sometimes requires checking multiple locations depending on how the content was originally shared or stored. While the integration with other Microsoft services is valuable it can occasionally create extra steps when managing information across different workspaces. Overall Microsoft Teams has been effective for collaboration and project coordination but improvements to content organization, information discovery and workspace management would make the platform even easier to use as teams and projects continue to expand.","Overall Microsoft Teams has been effective for collaboration, meetings, and project coordination. However improvements to content organization, search capabilities and workspace management would make it easier to maintain a clean and efficient environment as usage continues to grow.",True,Slack,"We previously used Slack for team communication, but as our collaboration requirements expanded, Microsoft Teams provided a more complete solution for meetings, document collaboration, project coordination, and ongoing knowledge sharing. While Slack worked well for messaging, we found ourselves relying on additional tools for meetings, file management and maintaining project related information. One advantage of Microsoft Teams is the ability to keep conversations, meeting recordings, shared documents, and project updates connected within dedicated team workspaces. This has made it easier for departments to track ongoing initiatives, reference previous discussions, and provide new team members with access to historical project information when needed.
                                              Microsoft Teams also aligned well with the Microsoft applications already being used across the organization. Having communication, meetings, calendars, and shared content connected within the same environment simplified daily workflows and reduced the need to move between multiple platforms.",User,Financial Services,Enterprise,India,True,https://www.g2.com/products/microsoft-teams/reviews/microsoft-teams-review-12962462,12962462
Microsoft Teams,microsoft-teams,2026-06-15T20:07:43+00:00,5,7,,,,"Bringing communication, files, and meetings into one organized hub",,,,True,Zoom Workplace,,,Computer & Network Security,Mid-Market,United States,False,https://www.g2.com/products/microsoft-teams/reviews/microsoft-teams-review-12962125,12962125
Microsoft Teams,microsoft-teams,2026-06-15T19:50:20+00:00,5,7,7,7,7,"Very Effective in Combining Chat, Meetings and File Sharing for More Efficient Collaboration","Very efficient central hub for communication and collaboration where messaging, meetings, collaborating on documents, and file sharing are under a single platform which facilitates fluid teamwork.",Everything about this platform works well and satisfies every need and nothing that I would like to change at this time.,"The platform has simplified internal collaboration, meetings and sharing a document in a chat allows multiple users to work together seamlessly in real time and maintain visibility of our workloads.",False,,,User,Machinery,Mid-Market,United States,True,https://www.g2.com/products/microsoft-teams/reviews/microsoft-teams-review-12962046,12962046
Microsoft Teams,microsoft-teams,2026-06-15T16:04:39+00:00,2,4,,5,5,"Great All-in-One Hub, but Call Connectivity Interruptions Hold It Back","I really like the central hub of everything. I hate having to jump between apps. By combining chat, meetings, and file sharing..saves a lot of mental space. And a time too!",The connectivity is horrible. There is almost always an interruption on every call. This seems to be a common problem across the board.,"One of our biggest problems, in my opinion, was that it felt like we are all working in a silo. I had very little knowledge of what other teams were doing, which would affect my work from time to time. Teams has really helped streamline the process, and helped to make other teams feel included in the process, without having to be fully involved.",False,,,,Marketing and Advertising,SMB,United States,True,https://www.g2.com/products/microsoft-teams/reviews/microsoft-teams-review-12960985,12960985
Microsoft Teams,microsoft-teams,2026-06-15T15:56:54+00:00,4,7,6,6,,"Intuitive and Customizable, but Updates and Outages Can Disrupt Work","Teams is intuitive and easy to use. It's customizable to a degree (being able to mute conversations, etc.).","There are frequent updates which would normally be helpful, but my workplace requires approval for software updates, so it's more of a hassle for me. There are occasional outages which makes doing my job difficult since so much of it is collaborative.",Teams makes communication easier as we work remote. It also is helpful to have all of the chat saved so that we can reference it later on.,False,,,User,Non-Profit Organization Management,Enterprise,United States,False,https://www.g2.com/products/microsoft-teams/reviews/microsoft-teams-review-12960901,12960901
Microsoft Teams,microsoft-teams,2026-06-15T15:53:10+00:00,4,6,6,6,5,"Powerful Microsoft 365 Hub, but Notifications, Search, and Onboarding Need Work",,,,False,,,User,Business Supplies and Equipment,Mid-Market,Canada,False,https://www.g2.com/products/microsoft-teams/reviews/microsoft-teams-review-12960813,12960813
Microsoft Teams,microsoft-teams,2026-06-15T07:58:04+00:00,5,7,7,7,7,Microsoft Teams Keeps Our Onshore and Offshore Teams Connected,Microsoft Teams is a daily-use tool that helps us stay connected with multiple people in our business team. We use Teams to communicate and collaborate with both our onshore and offshore teams.,"I feel there should be more UI customisation options for users, to make it more user-friendly and give a sense that it’s tailored to individual needs.",The main problem MS Teams solves is connectivity. Its integration with Windows and Outlook also makes it stand out from other software.,False,,,User,Accounting,Mid-Market,United Kingdom,False,https://www.g2.com/products/microsoft-teams/reviews/microsoft-teams-review-12958954,12958954
Microsoft Teams,microsoft-teams,2026-06-15T06:17:14+00:00,5,7,7,7,7,Streamlined Teamwork with Microsoft Teams,"What I like best about Microsoft Teams is its ability to bring communication, collaboration, and meetings into a single platform. The integration with Microsoft 365 applications makes it easy to share files, collaborate on documents in real time, and manage team discussions efficiently. Its chat, video conferencing, and channel-based organization help improve productivity and keep projects well coordinated.","One aspect I dislike is that Microsoft Teams can sometimes feel resource-intensive, especially when multiple chats, channels, and meetings are active simultaneously. The large number of features can also make navigation challenging for new users, and finding older messages or files may occasionally require additional effort.","Microsoft Teams helps centralize communication, meetings, and file sharing, reducing the need to switch between multiple applications. This improves collaboration, saves time, and helps teams stay aligned on projects and tasks.",False,,,User,Computer Software,SMB,India,False,https://www.g2.com/products/microsoft-teams/reviews/microsoft-teams-review-12958655,12958655
Microsoft Teams,microsoft-teams,2026-06-14T15:34:53+00:00,5,7,7,6,7,Hover Status Notifications Make Team Updates Effortless,The best about teams is to get notified about the status of people when we hover over their profiles.,The external people will have no longer access to chats when they left some meeting.,Cross-team collaboration has helped with setting up meetings and getting things done at a faster pace.,True,Slack,Organization movement from Google Authenticator to Microsoft Authenticator.,User,Computer Software,Mid-Market,India,False,https://www.g2.com/products/microsoft-teams/reviews/microsoft-teams-review-12957579,12957579
Zoom Workplace,zoom-workplace,2026-06-18T16:36:03+00:00,5,7,7,7,7,Best Team Meeting Tool with AI-Powered Note-Taking,best team meeting tool with AI integrated for note taking,sometime it get too much to go through the process of joining a meeting,"remote work issue , it is very helpful to be able to connect with partners and staff accross the world",True,Google Workspace,very user-friendly,User,Marketing and Advertising,Mid-Market,United States,False,https://www.g2.com/products/zoom-workplace/reviews/zoom-workplace-review-12973241,12973241
Zoom Workplace,zoom-workplace,2026-06-18T15:30:14+00:00,5,5,,6,6,"Responsive Desktop App with Powerful Tools, AI Features, and Noise Cancellation","Zoom Workplace includes a lot of advanced tools compared with other services like Google Meet. The desktop version is especially strong: having a dedicated desktop app is really useful, and it feels very responsive. I also like the noise-cancellation settings, the video effects, and the AI features.","That said, the free version limits meetings to 40 minutes, which feels quite low. If you use it frequently, though, you can buy the premium plan. Onboarding is easy as well—I can log in with one click using Google. The design looks good and it has dark mode, and the UI is simple enough to understand. It also offers good sharing options and a whiteboard, and it can connect with Google Drive.","before it was difficult to conduct online classes as there was not a dedicated software specialized for this. But after zoom came, it simplified our work and it is very easy and hassle free to conduct online classes or meeting between us.",False,,,,Higher Education,Mid-Market,India,True,https://www.g2.com/products/zoom-workplace/reviews/zoom-workplace-review-12977340,12977340
Zoom Workplace,zoom-workplace,2026-06-18T08:41:32+00:00,5,7,7,7,4,User-Friendly UI/UX with Neatly Organized Meeting Controls,"The best part is the UI/UX: it’s user-friendly and easy to use. All the options are placed neatly based on their utility, especially the essential ones you need while conducting a meeting.","There is common issue of not detecting camera in multiple devices which I had noticed recently you consider from month of March 2026, unless we restart the entire process 2 to 3 times it.","It’s easy to send invitations and connect with invitees, which is helpful since our organization has frequent internal and external meetings.",True,Teams Manager for Microsoft Teams,System Limitations,Administrator,Sports,SMB,India,True,https://www.g2.com/products/zoom-workplace/reviews/zoom-workplace-review-12975735,12975735
Zoom Workplace,zoom-workplace,2026-06-17T16:05:53+00:00,5,6,5,,,Makes Remote Team Meetings Effortless,it makes meeting as a team so much easier when we are not in the same place.,Sometimes finding the links for each meeting can be hard,It is an easy way to get everyone in the same place.,False,,,Administrator,Non-Profit Organization Management,SMB,United States,False,https://www.g2.com/products/zoom-workplace/reviews/zoom-workplace-review-12972458,12972458
Zoom Workplace,zoom-workplace,2026-06-17T08:16:22+00:00,5,6,7,6,6,Zoom’s Whiteboard Sharing Makes Discussions Shine,The best about zoom is its white board sharing during discussions,Dislike about zoom is the quality of its transcript,"For scheduling meetings, screensharing. Inviting right parties to the meeting.",False,,,User,Computer Software,Mid-Market,India,False,https://www.g2.com/products/zoom-workplace/reviews/zoom-workplace-review-12969988,12969988
Zoom Workplace,zoom-workplace,2026-06-17T07:54:06+00:00,4,,,,,"Cost-Effective, Yet Needs a Friendlier UI","I like that Zoom Workplace makes it easier than planning a trip to another city and coordinating with clients, and it’s more cost-effective even with a business account. I also appreciate the ability to set up meetings in a short span of time and the ease of face-to-face communication and screen sharing. It's nice that Zoom became widely available since most people started using it during COVID, so there's no need to install a new application. I also enjoy that some AIs have started taking notes within Zoom, which is a good addition I haven’t seen on other platforms. The initial setup was quite easy, just needing a login email and password.","There is slightly lesser ease of use, the UI is not so easy to navigate for everyone. Without a business account, it sometimes shows a time limit for the meet. Also, the app consumes a lot of RAM on my laptop, so I prefer running it from the browser. Just make the interface more user-friendly; otherwise, everything seems good.","Zoom Workplace makes meeting clients from different cities easier and cost-effective than traveling. It allows quick meeting setups, face-to-face communication, and screen sharing. It's broadly available, and AI note-taking is useful.",False,,,,,SMB,India,False,https://www.g2.com/products/zoom-workplace/reviews/zoom-workplace-review-12969911,12969911
Zoom Workplace,zoom-workplace,2026-06-16T17:11:51+00:00,5,,,,,"Effortless Navigation, Ideal for Education","I love that Zoom Workplace is super easy to navigate and super simple to learn. It makes holding meetings and listening to classes a breeze. The setup was super easy, very, very easy. I just use regular Zoom meeting workplace, and it's super easy to follow and talk in class.",love it,"Zoom Workplace helps me record meetings and get feedback, which is really useful for classes and homework.",False,,,,,SMB,United States,False,https://www.g2.com/products/zoom-workplace/reviews/zoom-workplace-review-12966680,12966680
Zoom Workplace,zoom-workplace,2026-06-16T16:30:54+00:00,5,7,7,7,7,Reliable Video Conferencing with Strong Video Quality and Super Secure Instant Messaging,It has been the most reliable platform for video conferencing with consistently strong video quality and simple screen sharing for quick collaboration and I like that it scales well from small team calls to large presentations and webinars.,I cannot come up with anything that was particularly problematic with this platform and it doesn’t have any bugs.,"The video calls, instant chat and screen sharing makes communication efficient and helps collaborate with team members in real time and also sharing of files in very convenient for teamwork.",False,,,User,Chemicals,SMB,United States,True,https://www.g2.com/products/zoom-workplace/reviews/zoom-workplace-review-12966306,12966306
Zoom Workplace,zoom-workplace,2026-06-15T20:01:46+00:00,5,6,6,6,5,User-Friendly and Easy to Navigate,User friendly and easy to navigate even for first time users,I have had the system crash a couple times in the middle of a meeting,Solves the issue of everyone having to be in one place to effectively communicate,False,,,Administrator,Primary/Secondary Education,Mid-Market,United States,False,https://www.g2.com/products/zoom-workplace/reviews/zoom-workplace-review-12962127,12962127
Zoom Workplace,zoom-workplace,2026-06-15T07:15:31+00:00,5,7,,7,7,"Easy, Reliable Collaboration in One Platform with Zoom Workplace","What I like best about Zoom Workplace is its ease of use and reliability. It makes communication and collaboration simple through video meetings, chat, screen sharing, and file sharing in one platform. The audio and video quality are good, and it helps teams stay connected and productive whether working remotely or from the office","One thing I dislike about Zoom Workplace is that it can sometimes consume a lot of system resources, which may affect performance on older devices. Occasionally, connectivity issues or meeting lag can occur when internet connections are unstable. Some advanced features also have a learning curve for new users","Zoom Workplace solves the challenge of effective communication and collaboration for remote and hybrid teams. It brings meetings, chat, phone, and file sharing into one platform, making it easier to stay connected, coordinate tasks, and share information quickly. This benefits me by improving productivity, reducing communication gaps, and helping me collaborate efficiently with colleagues regardless of location",False,,,,Staffing and Recruiting,Mid-Market,India,True,https://www.g2.com/products/zoom-workplace/reviews/zoom-workplace-review-12958814,12958814
Zoom Workplace,zoom-workplace,2026-06-12T11:04:31+00:00,5,6,,6,5,Zoom Workplace review,"What I liked most about the Zoom Workplace platform is its virtual accessibility. It’s ideal for direct communication between individuals and/or groups, and it can be used for a plethora of different purposes.","Sometimes the app lags in the middle of a meeting, and I’ve also run into occasional login issues. Even so, I still enjoy the experience overall during the times I’ve used it.","Zoom Workplace solves problems by enabling video conferencing from anywhere, bringing communication together and helping minimize the need for separate communication channels or tactics.",False,,,,Information Services,SMB,United States,False,https://www.g2.com/products/zoom-workplace/reviews/zoom-workplace-review-12952523,12952523
Zoom Workplace,zoom-workplace,2026-06-12T09:50:57+00:00,5,7,7,7,6,Seamless Video Conferencing with Some Pricing Concerns,"I really like the screen sharing option in Zoom Workplace. It allows me to easily share my screen during calls with clients or vendors, and I can show whatever I need from my laptop directly to them. The video conference feature is also impressive because it works smoothly without buffering, even with a small bandwidth internet connection. It's a relief to see my client's video over the Zoom call without any interruption. The initial setup was very easy, too.",The only thing I can suggest right now is the pricing. They should have some report functionalities as well.,"I use Zoom Workplace for virtual meetings and collaboration. I can easily create and send invites to clients, share my screen, and conduct video calls with minimal buffering, even on low bandwidth. The screen sharing feature is great.",False,,,Administrator,Apparel & Fashion,SMB,India,True,https://www.g2.com/products/zoom-workplace/reviews/zoom-workplace-review-12952351,12952351
Zoom Workplace,zoom-workplace,2026-06-11T22:57:44+00:00,4,6,,6,5,Seamless Cross-Platform Meetings with Powerful Collaboration Tools,"The seamless cross-platform experience stands out the most. Whether joining from desktop, mobile, or a web browser, the interface remains consistent and the connection quality is reliable. The one-click meeting join and calendar integrations (Google, Outlook) significantly reduce friction for scheduling and attendance. Features like breakout rooms, live transcription, and the whiteboard tool make it genuinely useful beyond just video calls — it covers the full collaboration workflow in one place.","The most notable pain point is resource consumption — Zoom can be significantly heavy on CPU and RAM, especially during longer calls or when virtual backgrounds are enabled, which affects overall system performance. The free plan's 40-minute meeting limit feels restrictive for team collaboration. Additionally, the app has grown quite bloated over time; features like Zoom Mail, Zoom Docs, and the AI Companion add complexity to what was originally valued for its simplicity. Security and privacy concerns from past incidents also linger as considerations for enterprise users.","Zoom Workplace primarily solves the challenge of distributed team collaboration — bringing together video conferencing, messaging, file sharing, and scheduling into a single platform rather than switching between multiple tools. For day-to-day use, this means fewer context switches and a more streamlined workflow. It eliminates geographical barriers for meetings, making remote and hybrid work genuinely viable without a significant drop in communication quality. The persistent chat and channel features also help maintain team alignment asynchronously, so not every update requires a live meeting. Overall, it reduces the coordination overhead that typically slows down distributed teams.",False,,,,Higher Education,SMB,Turkey,False,https://www.g2.com/products/zoom-workplace/reviews/zoom-workplace-review-12951102,12951102
Zoom Workplace,zoom-workplace,2026-06-11T07:24:09+00:00,4,,,,,"Versatile for Webinars, Easy Setup but Limited Participants","I enjoyed the fact that I could speak to multiple people at the same time, which makes it easier to reach my workers when needed. Glad the app doesn’t have a paid feature, it is free, and easy to use. The initial setup of Zoom Workplace was really quick, taking about one to two minutes.","I believe the number of participants could be increased. It has a limited number of participants, so I can't make a very large conference call with Zoom Workplace.","I use Zoom Workplace for webinars, hosting classes and educating people. It allows me to speak to multiple people at once and reach my workers easily. The network service is good with minimal transmission breaks, and speaking to others is free.",False,,,,,SMB,Nigeria,False,https://www.g2.com/products/zoom-workplace/reviews/zoom-workplace-review-12947091,12947091
Zoom Workplace,zoom-workplace,2026-06-09T22:39:21+00:00,5,7,7,7,7,AI Translator Makes It Easy to Replay and Review Conversations which is really helpful with my email,I love the Ai translator afterwards so I can replay and find what we talked about.,"Nothing comes to mind, possibly larger fonts",Getting to meet my clients- allowing for a more personal experience and trust to be built earlier on ibn our relationship,False,,,Administrator,E-Learning,Mid-Market,United States,False,https://www.g2.com/products/zoom-workplace/reviews/zoom-workplace-review-12940498,12940498
Zoom Workplace,zoom-workplace,2026-06-08T17:39:38+00:00,5,7,,7,7,User-Friendly Interface That’s Easy to Use,The user-friendly interface and overall ease of use make it very likeable.,"Sometimes it glitches, and meetings end without any prior notice.","It helps me record meetings and keep track of them all in one place, so everything stays organized and easy to find.",False,,,,"Leisure, Travel & Tourism",SMB,Thailand,False,https://www.g2.com/products/zoom-workplace/reviews/zoom-workplace-review-12933555,12933555
Zoom Workplace,zoom-workplace,2026-06-08T04:11:15+00:00,5,7,7,6,5,Academic Collaboration became easy,"This is best software for me to take online classes and workshops for my students, quality of video calling is superb and the software interface is easy to use.","sometimes there are connectivity issue comes, but the internet speed of my institution is very good still sometimes the calls getting disconnected which is a big concern for me.","Zoom Workplace enables smooth remote communication and collaboration, saving time by reducing the need for in-person meetings. It also supports hybrid teaching and helps ensure continuity of learning. By centralizing communication tools in one place, it improves productivity and strengthens engagement across a wide range of academic activities.",False,,,User,Higher Education,Enterprise,,False,https://www.g2.com/products/zoom-workplace/reviews/zoom-workplace-review-12930227,12930227
Zoom Workplace,zoom-workplace,2026-06-06T11:03:42+00:00,5,7,7,7,7,"Easy to Use, Affordable, and Great Performance","easy use, affordable price, ready for everyone, good performance,",not compatible with newest processor like no sound while playing video,I use zoom for internal meeting and external meeting so I think it helped me for discussing,False,,,Administrator,Manufacturing,SMB,Indonesia,False,https://www.g2.com/products/zoom-workplace/reviews/zoom-workplace-review-12927397,12927397
Zoom Workplace,zoom-workplace,2026-06-05T20:08:00+00:00,5,6,6,6,5,Made Remote Meetings Much Easier,"What i like the most is that it just works. setting up meetings is simple, the call quality is good, and it's easy for everyone on the team to use.","Sometimes meeting take a moment to connect, and a few settings can be confusing when you're trying to change them quickly. We also had occasional issues with screen sharing.","It helped us handle meetings with remote team members and clients more easily. Communication became quicker, and we could collaborate without needing to be in the office.",False,,,User,Computer Software,Mid-Market,India,True,https://www.g2.com/products/zoom-workplace/reviews/zoom-workplace-review-12925904,12925904
Zoom Workplace,zoom-workplace,2026-06-05T18:12:55+00:00,5,7,7,7,7,Zoom Workplace Opens Up New Opportunities Through Meetings and Live Workshops,Zoom Workplace enables me to meet folks outside of my organization and area. I can also attend live workshops and programs I wouldn't otherwise be able to attend. Zoom Workplace has opened up so many opportunities!,"The only downside to Zoom Workplace is when Internet service is disrupted, which brings the whole meeting to a stop.",Zoom Workplace is helping me be able to meet others in my field and to learn from them. I'm astounded at how well we have all been able to adapt to online learning and professional meetings!,False,,,Administrator,E-Learning,Mid-Market,United States,False,https://www.g2.com/products/zoom-workplace/reviews/zoom-workplace-review-12925228,12925228
Google Workspace,google-workspace,2026-06-18T21:13:24+00:00,5,6,5,6,3,Seamless Synchronization Across All Apps,Seamless synchronization among all applications or application suites.,"When I need support for a very specific issue (for which the solution isn't in the knowledge base or in YouTube tutorial videos), I don't usually get a timely response from Google.",Collaborative work among members of my organization helps everyone make the most of their time.,False,,,Administrator,Construction,SMB,Venezuela,False,https://www.g2.com/products/google-workspace/reviews/google-workspace-review-12979592,12979592
Google Workspace,google-workspace,2026-06-18T08:43:56+00:00,5,6,,6,,Made Group Projects and Notes Sharing Much Easier for Me,,,,False,,,,Higher Education,SMB,India,False,https://www.g2.com/products/google-workspace/reviews/google-workspace-review-12975786,12975786
Google Workspace,google-workspace,2026-06-17T18:06:59+00:00,4,7,6,,,Reliable Collaboration Platform for Modern Businesses,,,,False,,,Consultant,Computer & Network Security,SMB,United Kingdom,False,https://www.g2.com/products/google-workspace/reviews/google-workspace-review-12973377,12973377
Google Workspace,google-workspace,2026-06-17T15:25:56+00:00,5,7,7,6,7,"Intuitive, Flexible Platform with Easy Integrations and Strong Privacy Controls","Intuitive interface, flexible features, with plenty of material to research how they work. The platform is easy to integrate with many 3rd party tools. Also it provides just enough visibility while also protecting user's privacy.","While the product protects end-users's privacy from the admins, this is not very helpful for investigations or findings validation and 3rd party tools are required to implement end-to-end processes.","Platform provides functionality enablement by Organizational Unit, which means you can get quite granular feature or permission settings, this is very useful for global companies dealing with multiple privacy regulations and country preferences.",True,Microsoft 365,We were going off on-prem into Cloud provider and Google Workspace was a pioneer of office in the cloud,Administrator,Facilities Services,Enterprise,United Kingdom,False,https://www.g2.com/products/google-workspace/reviews/google-workspace-review-12971944,12971944
Google Workspace,google-workspace,2026-06-17T12:06:00+00:00,5,7,7,7,7,Super Easy Document Sharing and Video Meetings Work Reliably Making it Excellent for Collaboration,"The platform integrates essential tools including meetings, chat, email and document storage thereby enabling smooth team communication, collaboration and engagement.",Nothing to dislike really this platform has it all the features we need to centralized communication and customer support is great.,It enhances collaboration by ensuring teams can work on the same document at the same time and facilitates effective video conferencing which helps communicate with my team in real time.,False,,,User,Telecommunications,Mid-Market,United States,True,https://www.g2.com/products/google-workspace/reviews/google-workspace-review-12970665,12970665
Google Workspace,google-workspace,2026-06-17T08:10:24+00:00,5,7,6,6,1,Google Workspace: A Comprehensive Hub for All Our Official Tasks,The best about Google Workspace is its a comprehensive single place for any kind of official tasks,Automation related stuffs are lacking in Google Workspace,"I use multiple applications available from Google Workspace like email, gmeet, sheets, docs, etc.,",False,,,User,Computer Software,Mid-Market,India,False,https://www.g2.com/products/google-workspace/reviews/google-workspace-review-12969958,12969958
Google Workspace,google-workspace,2026-06-16T15:50:21+00:00,5,7,7,7,7,Consistently Reliable Workspace with Smooth Video Conferencing and Very Convenient for File Storage,"The easy access of email, chat, document management and video meetings enables us to effectively communicate and collaborate from a unified ecosystem.",It has been very reliable for meetings and excellent for collaboration across teams with no major issues faced.,"The platform makes it simple to join meetings and keeps files, notes and meeting recordings organized which helps improve productivity and streamlines communication workflows.",False,,,User,Retail,Mid-Market,United States,True,https://www.g2.com/products/google-workspace/reviews/google-workspace-review-12966028,12966028
Google Workspace,google-workspace,2026-06-16T12:56:56+00:00,5,7,,6,6,AI Studio Tools That Effortlessly Automate Email Notifications and Categorization,"The latest AI studio tools help me automate a lot of things, like sending notifications when key people email me and automatically categorizing emails that require my response.","I’m still waiting for the integration with third-party tools in the new AI Studio, so I can automate workflows—like creating a Jira task directly from a client email.","It helps me stay in the loop with the teams and track their performance. I also use it to maintain separate chat groups for our 24/7 SLA support projects, where I receive automatic notifications whenever a ticket is created.",False,,,,Computer Software,Mid-Market,United Arab Emirates,False,https://www.g2.com/products/google-workspace/reviews/google-workspace-review-12964840,12964840
Google Workspace,google-workspace,2026-06-16T08:51:46+00:00,5,,,,,Essential for Seamless Team Collaboration,"I like how Google Workspace's Calendar automatically creates events when it detects reservations or appointment confirmations in emails, even though our staff doesn't use it deliberately. It's really beneficial for us, especially when a program coordinator books flights or when venue confirmations come through. The details just appear on the calendar without anyone manually entering anything.","Offline access is inconsistent across the suite tools. Some apps let you keep working without an Internet connection, but the coverage is not complete. Our staff working in areas with unreliable connectivity runs into this regularly. It's frustrating when trying to update a sheet from a location with no signal, as it makes keeping track of what actually saves once the connection returns hard.","I use Google Workspace to centralize documents, solving version control issues and enabling real-time edits by the team. It eliminates outdated file mishaps since everyone accesses the same version simultaneously, removing the chaos of multiple edits.",False,,,,,SMB,United States,True,https://www.g2.com/products/google-workspace/reviews/google-workspace-review-12963975,12963975
Google Workspace,google-workspace,2026-06-16T08:48:00+00:00,5,7,,6,,"Google Workspace: The Backbone for Group Projects, Sharing, and Cloud Storage","As an engineering student, Google Workspace is basically the backbone of all our group projects. I use Google Docs extensively to write and format final project reports simultaneously with my batchmates. Google Drive is a lifesaver for storing all my component datasheets, circuit diagrams, and C++ code backups for my microcontroller setups. It also makes sharing resources and event details with my robotics club members incredibly simple. Also, pushing live sensor data from Wi-Fi modules directly into Google Sheets is a great feature for hardware testing.","Formatting programming code in Google Docs is quite frustrating. Whenever I paste my Arduino or embedded C code into a document for an assignment submission, the indentation gets totally ruined, and there is no native ""code-block"" formatting option. Also, the offline mode for Google Drive can sometimes be a bit unreliable if the internet connection drops suddenly in our college lab.","It completely solves the problem of messy file sharing. Earlier, we used to send Word documents back and forth over WhatsApp for our project reports, which led to multiple confusing versions. Now, my entire team can edit the same presentation or report at the exact same time. It keeps all my academic documents, club activities, and project data perfectly organized in the cloud without needing to carry a pen drive everywhere.",False,,,,Higher Education,SMB,India,True,https://www.g2.com/products/google-workspace/reviews/google-workspace-review-12963922,12963922
Google Workspace,google-workspace,2026-06-16T08:10:13+00:00,5,7,7,7,5,"Nahtlose Zusammenarbeit dank integrierter Tools wie Gmail, Drive & Docs","The many functions (Gmail, Drive, Sheets, Docs, etc.) integrate seamlessly with each other. The entire team can work with it intuitively and collaboratively. The costs for sufficient storage space are kept within limits.",Support is hard to reach when it needs to go beyond FAQ & Chat.,"We can cover a wide range of business fields with a single provider and thus minimize the tool landscape. Employees can work productively in Docs and Sheets simultaneously. Through the shared storage, company knowledge remains securely accessible to everyone and can be well managed through rights and role management.",False,,,Administrator,Information Technology and Services,SMB,Germany,True,https://www.g2.com/products/google-workspace/reviews/google-workspace-review-12963763,12963763
Google Workspace,google-workspace,2026-06-15T18:36:57+00:00,5,7,7,7,7,Efficient Platform To Enhance Document Management and Ensure Solid Communication Across Teams,"I can create and edit documents, sheets and slides in real time with others which makes teamwork fast and I like how Meet and Calendar are seamlessly connected making organizing meetings simple.",The functionality of this platform is excellent because it has consistently met our needs without any issues.,"It has improved document management, supports unified communication and team collaboration through meetings and instant messaging which makes it easy for teams to stay organized and boost productivity.",False,,,User,Chemicals,SMB,United States,True,https://www.g2.com/products/google-workspace/reviews/google-workspace-review-12961755,12961755
Google Workspace,google-workspace,2026-06-15T17:15:20+00:00,5,7,7,7,,Seamless real-time collaboration with smart built-in AI,,,,False,,,User,Furniture,Enterprise,Canada,True,https://www.g2.com/products/google-workspace/reviews/google-workspace-review-12960554,12960554
Google Workspace,google-workspace,2026-06-15T13:59:25+00:00,5,7,4,,,Time-Efficient Tool with Helpful Business Insights,It’s time-efficient and provides helpful business insights.,"Sometimes it makes me log in to my console twice, which is really frustrating.","I use it strictly for all business correspondence, and not for my clients.",False,,,Administrator,Information Services,SMB,United States,False,https://www.g2.com/products/google-workspace/reviews/google-workspace-review-12960237,12960237
Google Workspace,google-workspace,2026-06-15T13:29:24+00:00,5,6,6,6,4,Empowers Seamless Collaboration Across Platforms,"I mainly use Google Workspace for collaboration and document management in my team. It's quite handy for sharing files and tracking projects in real time. I specifically use Drive to backup all of my contracts. Gmail is used as my only email tool. I save back-ups of all of my onboarding documents in Drive too. Any internal audit is also conducted using mostly Google Sheets. I appreciate how I can share documents directly with my team and connect easily with clients to share content. It works really well with the native apps and integrates very well with third-party applications, making it easy to integrate. This integration has helped me eliminate the need for some systems I used before and saved me time. The initial setup was very easy; we set it up within one day.","Some of the AI functionality was efficient, but now I think it's hallucinating a little bit more. This leads to me spending more time reviewing and redoing some of the functions that AI was trying to carry out - especially with Gmail, I find the tone or the phrasing of the AI suggestions are getting further away from my preferred tone.","I use Google Workspace to share documents directly with my team, connect easily with clients, and save time by eliminating unnecessary systems. Since Google Workspace provides native apps like email, cloud storage, and document editing software, it really replaced the need for extra tools in my workflow.",False,,,Administrator,Consulting,SMB,Canada,False,https://www.g2.com/products/google-workspace/reviews/google-workspace-review-12960016,12960016
Google Workspace,google-workspace,2026-06-15T06:55:06+00:00,5,7,,6,6,Google Workspace’s Real-Time Collaboration Boosts Efficiency,"I really appreciate the collaboration features of Google Workspace as all the tools including Gmail, Docs, Sheets, and Meet can be utilized for real-time collaboration. The cloud-based nature of the application along with good performance and integration capabilities contributes towards improved efficiency.",nothing to add this time from my side everything seems fine,"It solves problems such as scattered communication, file exchange, and teamwork using all these components under one platform. This helps me by enhancing my productivity through collaboration and access from anywhere.",False,,,,Computer Software,SMB,India,True,https://www.g2.com/products/google-workspace/reviews/google-workspace-review-12958759,12958759
Google Workspace,google-workspace,2026-06-14T13:27:55+00:00,5,7,,6,,Perfect for managing my B.Sc. assignments and lab work,"As a 5th-semester B.Sc. student, Google Workspace is a lifesaver for me. I mainly use Google Docs, Sheets, and Drive. I have to write a lot of long monographs, project reports, and lab records for my Physics, Chemistry, and Forensic Science subjects. Google Docs makes writing and formatting super easy. Plus, Google Drive gives me a safe place to store all my study materials, PDFs, and trace evidence photos from practicals. I love that I can quickly open my notes from my phone when I am attending classes at Dr. Hari Singh Gour University, or just use my laptop when I'm studying in my room.","It's great, but sometimes formatting complex mathematical equations and derivations for my physics assignments can be a bit frustrating in Google Docs compared to MS Word. Also, you need a stable internet connection for the auto-save to work perfectly. Sometimes the mobile network on our campus fluctuates, and if I forget to turn on the offline mode, the syncing gets a bit glitchy.","It saves me from the fear of losing my hard work. Earlier, I used to worry about losing my pen drive or laptop crashing with all my forensic case studies and lab readings inside it. Now everything is automatically backed up on the cloud. Also, when we have group assignments, my classmates and I just share a single Google Doc link and work on it together at the exact same time. It saves so much time right before submission deadlines.",False,,,,Higher Education,SMB,India,True,https://www.g2.com/products/google-workspace/reviews/google-workspace-review-12957410,12957410
Google Workspace,google-workspace,2026-06-13T05:53:57+00:00,5,5,,6,6,Google Docs & Slides AI Features Help Me Get Things Done,"I usually work in the workspace when I need to create a document or a presentation. I use Google Docs and Google Slides, and the new AI features really help me get things done.","The UI is good, but I don’t like the new update icons this month. the support responses are not prompt always takes time",My team stays connected and in sync on documents and sales decks in Google Workspace.,False,,,,Information Technology and Services,SMB,India,True,https://www.g2.com/products/google-workspace/reviews/google-workspace-review-12871295,12871295
Google Workspace,google-workspace,2026-06-12T16:17:36+00:00,5,7,6,7,6,"Clear UI, Easy Integrations, and Strong ROI with Gemini AI",,,,False,,,User,Financial Services,Mid-Market,Côte d'Ivoire,False,https://www.g2.com/products/google-workspace/reviews/google-workspace-review-12953885,12953885
Google Workspace,google-workspace,2026-06-11T20:15:08+00:00,5,7,,7,6,Seamless Real-Time Collaboration That Boosts Team Productivity,"6What I like best about Google Workspace is its seamless collaboration features. Apps like Docs, Sheets, and Meet allow teams to work together in real time, making communication, file sharing, and productivity much more efficient.","A common dislike about is that some advanced features are only available in higher-tier plans, and managing large numbers of files and permissions can sometimes become complex.","It solves collaboration, communication, and document management challenges by providing email, cloud storage, real-time editing, and virtual meeting tools in one platform. This benefits users by improving teamwork, increasing productivity, and enabling seamless work from anywhere",False,,,,Accounting,SMB,India,False,https://www.g2.com/products/google-workspace/reviews/google-workspace-review-12950607,12950607
Trello,trello,2026-06-17T10:22:04+00:00,5,7,7,6,7,Simple tool for project and task management.,What I love the most is its simplicity and visual approach to task management honestly. Actually the board and card system is just awesome it makes so many things easy to do. Its performance is inhanced in newer versions .,I think actually trello can feel limited when managing large or highly complex workflows actually some additional power ups are needed . Yaa else is fine,Trello helps our team in organizing tasks assigning responsibilities and tracking projects in one place . Also its support team is very responsible and pricing is also reasonable.,True,Asana,Trello was actually easier to use and required less training for team members.,User,Marketing and Advertising,SMB,India,True,https://www.g2.com/products/trello/reviews/trello-review-12970351,12970351
Trello,trello,2026-06-15T16:20:40+00:00,5,7,7,7,7,Efficient task management and team collaboration with Trello,"As a software engineer, I like Trello because it keeps project tasks organized in a simple and visual way. The boards, lists, and cards make it easy to track features, bugs, and development tasks. I also like the flexibility of adding checklists, comments, attachments, and labels, which helps with team collaboration and keeping work details in one place.","The main thing I dislike is that some advanced project management features, like detailed reporting and complex workflow tracking, are limited compared to more enterprise-focused tools. For larger projects with many teams, managing a high number of cards can sometimes become difficult.","Trello has helped me improve task organization, manage my development workflow better, and keep track of priorities. It makes collaboration easier by providing clear visibility into what tasks are in progress, completed, or pending, which helps the team deliver work more efficiently.",False,,,User,Accounting,SMB,India,False,https://www.g2.com/products/trello/reviews/trello-review-12961004,12961004
Trello,trello,2026-06-15T10:45:11+00:00,4,6,7,7,6,"Comprehensive, Easy-to-Use Tool for Dynamic Projects","I find the kanban style interface of Trello is very clean and visual which in turn makes it easy to use and allowing me to see the state of a project immediately without a large learning process. As an engineer, the better automation is a game changer for me as it helps manage tasks efficiently. Trello's integration with Stack is excellent, keeping our team on the same page without in-depth manual updates, making it great for dynamic collaborative projects. The Kanban system and superior notification system are outstanding, along with its simple and affordable pricing. The adaptive design helps me a lot in my job. Setting up Trello was very easy for me, and I use it without any hassle.","Honestly, Trello crumbles as soon as the project expands, as it becomes incredibly disorganised. In fact, there is no native integration with key Agile features, such as sprint planning and engineering ketrices, which means that tracking your own team or viewing burndown charts is out of that, being engineer, I find that the editor is very irritating.","Trello makes it easy to use with a clean, visible interface. I can quickly assess project status, benefit from better automation, seamless GitHub integration for engineering tasks, and enjoy dynamic collaboration without manual updates.",False,,,User,Non-Profit Organization Management,Mid-Market,India,False,https://www.g2.com/products/trello/reviews/trello-review-12959465,12959465
Trello,trello,2026-06-11T14:44:56+00:00,5,6,6,6,7,User-Friendly Boards That Keep Tasks Clear and Prioritized,"Trello is a very user-friendly to-do list. The cards and boards provide ease of use and help the tasks be kept in various states like 'to do', 'in progress' and 'done'. It gives you a good visual outline of all of the tasks and helps the daily work be prioritized, as well as helping for team updates to be communicated.","Trello is not ideal for complex project management. There is no support for advanced reporting, dependency tracking, or extensive customization of workflows. When there are a lot of tasks boards can quickly become cluttered and unwieldy.","It addresses the challenge of simple task management by being an incredibly visual way of tracking work and a good solution to get work organized, monitor its progress, and make it visible. The team collaboration aspect is simple and works because users are able to quickly update work statuses to keep teams in sync within lightweight work streams.",False,,,User,Information Technology and Services,Enterprise,India,True,https://www.g2.com/products/trello/reviews/trello-review-12948803,12948803
Trello,trello,2026-06-09T15:52:01+00:00,5,7,7,7,,"Trello: Low-Overhead, High-Value Tool I’ve Loved for Years","The best low-overhead, valuable program I have used for years.",There isn't anything I don't like about Trello.,Keeps me organized and stores all of my main information for each client.,False,,,User,Marketing and Advertising,SMB,United States,False,https://www.g2.com/products/trello/reviews/trello-review-12909801,12909801
Trello,trello,2026-06-09T06:08:34+00:00,5,6,6,7,6,"Simple, Visual Project Tracking with Helpful Checklists and Butler Automation","We use Trello for project management, and its boards-and-cards system is both simple and highly visual. At a glance, you can tell exactly what stage each task is in just by looking at the board. The checklists inside cards are especially helpful for breaking work down into smaller, manageable steps and keeping track of what’s been done. Butler automation is also quite good: it can automatically move cards and send reminders based on the rules you set, so you don’t have to manage those updates manually every time.","Trello can get a bit messy when a project grows. Having too many cards on one board quickly becomes overwhelming and hard to manage. The free plan also feels quite limited; most useful power-ups require a paid plan, which comes across as a bit unfair. And for complex projects with dependencies between tasks, Trello falls short—it’s just not built for that kind of complicated project management.","Earlier, we used to track project tasks in WhatsApp groups and Excel sheets, which was a complete mess. Things would get missed, and nobody really knew who was working on what. Trello solved that completely. Now every task has its own card with an assignee, due date, and checklist, so everyone knows exactly what they need to do and what’s coming up next. It’s made our project management far more transparent, organised, and easier to follow.",False,,,User,Computer Software,SMB,India,True,https://www.g2.com/products/trello/reviews/trello-review-12929381,12929381
Trello,trello,2026-06-08T17:07:11+00:00,4,7,7,6,7,"Straightforward, Visual Task Management with Trello’s Kanban Boards",The key to Trello is that it has a very user-friendly way of organizing tasks and projects. Trello allows you to create your own Kanban board and customize it to make everything easier for you to organize and track.,nothing to add this time from my side everything seems fine,"Trello solves the problem of organization and planning related to tasks in a very visual way. Some of the benefits offered by Trello include the ability to make the task visible to the user, manage workflows, coordinate within teams, and keep the user organized.",False,,,User,Computer Software,SMB,India,True,https://www.g2.com/products/trello/reviews/trello-review-12933455,12933455
Trello,trello,2026-06-07T16:33:34+00:00,5,7,7,7,7,Simple Kanban Boards That Make Organizing and Collaboration Effortless,,,,False,,,Internal Consultant,Information Technology and Services,SMB,India,False,https://www.g2.com/products/trello/reviews/trello-review-12929401,12929401
Trello,trello,2026-05-29T21:23:41+00:00,5,7,7,7,6,Visual Simplicity and Effective Project Management,"I like using Trello because it just does what I need it to do, without being super complicated. The three columns for organizing prospects, work in progress, and finished projects are perfect for me. I've been using Trello for over eight years, and even though other teams prefer tools like Monday or HubSpot, Trello remains my go-to. I also found the initial setup super easy, allowing me to visualize all the moving parts in my projects effectively.",I would like to see a dashboard that is responsive to voice command.,"I can organize my cards and visuals in Trello to focus on different project timelines, from prospects to finished tasks. It helps me manage the customer journey effectively with perfect column layouts like proposals, work in progress, and finished.",False,,,Administrator,Marketing and Advertising,SMB,United States,True,https://www.g2.com/products/trello/reviews/trello-review-12893183,12893183
Trello,trello,2026-05-28T18:29:40+00:00,4,6,6,6,,Personalizable y colaborativo: categorías y plantillas que ayudan a organizarse,"I like that you can customize many elements and that it allows you to organize with categories and templates. Additionally, you can add collaborators, which is very useful.",Sometimes it is complex to know and therefore take advantage of all the functionalities.,"It has helped me have better organization with my husband for the different household and family activities. Similarly, it allows me to follow up on my personal projects.",False,,,User,Individual & Family Services,Mid-Market,Mexico,True,https://www.g2.com/products/trello/reviews/trello-review-12885813,12885813
Trello,trello,2026-05-28T13:13:22+00:00,4,7,7,6,6,"Easy Task Management and Ticket Updates, with Smooth Team Assignment",i can easily manage our task and easily can update our ticket status and assign to other team,very difficult to manage sub ticket also when board grows then managing scrolling horizontal is difficult to find our ticket,"trello is solving company task management like our daily bases project task for frontend, backend and QA",True,Jira,,User,Computer Software,SMB,India,True,https://www.g2.com/products/trello/reviews/trello-review-12884364,12884364
Trello,trello,2026-05-26T16:21:55+00:00,5,7,7,,,"Easy to use, highly recommend","It helps me organise my day-to-day work as a marketer, and in a fast-paced job it’s very useful.","Easy to use and really helps me stay organised. It’s like a digital notebook, without the hassle of using pens or worrying about losing it.","It helps me stay organised, and I can also share with my team what I’m working on.",False,,,User,"Leisure, Travel & Tourism",SMB,United Kingdom,False,https://www.g2.com/products/trello/reviews/trello-review-12873688,12873688
Trello,trello,2026-05-21T21:54:34+00:00,5,7,7,7,,"Very Visual, User-Friendly Card Sorting","It's very visual and user-friendly, and allows me to sort cards in different ways",The workspaces/boards is a bit confusing and the charge per user keeps growing with your organisation,It gives us a sort of visual ticketing system to plan work and also allow others to see what's going out to avoid bottlenecks,False,,,User,Non-Profit Organization Management,Mid-Market,United Kingdom,True,https://www.g2.com/products/trello/reviews/trello-review-12856657,12856657
Trello,trello,2026-05-21T12:58:22+00:00,4,7,7,6,5,"Simple, Straightforward Task Tracking—But Could Use More Depth","Its simple and straightforward, good for tracking day to day or weekly activities and tasks. I also like its range of integrations like, google drive, slack and Microsoft teams","It lacks depth and tends to feel too simple, there aren't a lot of deep features like deadlines on individual tasks or nesting tasks.",the problem its solving is the ease of use and speed when it concerns quick tasks,False,,,User,Computer Software,SMB,Zambia,True,https://www.g2.com/products/trello/reviews/trello-review-12851624,12851624
Trello,trello,2026-05-21T07:42:38+00:00,4,7,6,7,7,Simple Tool That Keep Team Workflows Organized,"What I like most about Trello is its simple, visual task management system. The Kanban-style boards make it easy to organize projects, track progress, and collaborate with team members. It feels intuitive even for non-technical users, and features like drag-and-drop cards, checklists, labels, deadlines, and integrations help keep workflows organized without feeling overwhelming.","This is a great tool, and I haven’t been able to find any disadvantages.","It helps teams stay organized by clearly assigning responsibilities, tracking deadlines, and monitoring progress in real time. The interface is simple.",True,Asana,Ease of Use,Administrator,Computer Software,Mid-Market,India,True,https://www.g2.com/products/trello/reviews/trello-review-12851242,12851242
Trello,trello,2026-05-20T18:23:23+00:00,5,7,7,7,7,Effortless Organization with a Great Drag-and-Drop Experience,i can organize everything EASILY.. i love the drag and drop feature,I wanted to use it for my reasearch but it is harder for that,IT IS Helping with my assistant to keep up with what i need done- and adding checklist along with the easy of dragging items,False,,,Administrator,Consulting,SMB,United States,True,https://www.g2.com/products/trello/reviews/trello-review-12848090,12848090
Trello,trello,2026-05-20T02:42:29+00:00,4,7,7,7,,"Simple, Smooth Kanban CRM","The UI is one of the easiest I’ve used for a Kanban workflow. It’s very simple to use as a CRM or as a task manager, and it doesn’t require much CPU compared to Monday.com, so it runs smoothly. Even the free version offers a lot of benefits. I use it as CRM and tracked clients in our company and their statuses.",it can not create infographics or reports. you need to use a separate tool for that,It has mobile version which works well!,False,,,Administrator,Marketing and Advertising,SMB,Malaysia,False,https://www.g2.com/products/trello/reviews/trello-review-6551647,6551647
Trello,trello,2026-05-20T01:15:34+00:00,5,,,,,Effortless Task Management for Dev Teams,"I like Trello because it's very easy to use and offers a graphically interesting interface that gives a clear direction of the development path from 'to do' to 'in progress', 'in testing', and finally to 'deployment'. This makes the development process more visual and easier to follow by simply dragging a card from one status to the next. The initial setup was also very easy; we were up and running within one day.",Nothing - everything works as expected.,"I use Trello to break down complex tasks into smaller, manageable parts, which helps my development team focus better on individual assignments.",False,,,,,Mid-Market,Australia,True,https://www.g2.com/products/trello/reviews/trello-review-12843139,12843139
Trello,trello,2026-05-19T16:20:57+00:00,4,7,7,5,,"Simplifies Project Management, but Lacks Advanced Features","I like Trello's very simplistic and easy-to-use UI. It's easy to learn automations with Trello, and I was able to quickly teach other employees how to use the automations and build out boards. Trello is very intuitive software that allows for straightforward automation. The setup process was very easy and took very little time, which made the rollout go a lot quicker for our team.","I think the overall capabilities of Trello lack compared to other project management software. The file management specifically can get a little wonky, and having ownership within sub-tasks gets a bit difficult. It's also not conducive to larger projects, so for big projects, we prefer using something that's more like a spreadsheet format.",Trello helps me manage projects with automation features that make it great for my team.,False,,,Administrator,Construction,SMB,United States,True,https://www.g2.com/products/trello/reviews/trello-review-12839052,12839052
Trello,trello,2026-05-18T15:01:31+00:00,5,7,7,7,7,Makes Sorting To‑Dos and Tracking Completed Tasks Easy,"Sorting what my to do list is, and for things ive completed","The performance could be buggy, but mostly great",its helping my sort everything that I need to do and what I've completed,False,,,User,Computer Games,SMB,United States,True,https://www.g2.com/products/trello/reviews/trello-review-12830154,12830154
